id_exp;id_flow;polen_expor;polen_depo;bee_sp;ch_sp;func_group
#602;f_1;3,8;2;Apis_mellifera;ch10;theft
#604;f_2;8,1;1;Apis_mellifera;ch10;theft
#606;f_3;3,3;2;Apis_mellifera;ch10;theft
#608;f_4;3,9;3;Apis_mellifera;ch10;theft
#610;f_5;3,5;3;Apis_mellifera;ch10;theft
#612;f_6;2,1;1;Apis_mellifera;ch10;theft
#156;f_7;4,3;1;Apis_mellifera;ch18;theft
#174;f_8;5;6;Apis_mellifera;ch18;theft
#175;f_9;9;4;Apis_mellifera;ch18;theft
#176;f_10;9,5;1;Apis_mellifera;ch18;theft
#177;f_11;12;2;Apis_mellifera;ch18;theft
#178;f_12;2,6;5;Apis_mellifera;ch18;theft
#799;f_13;9;2;Apis_mellifera;ch3;theft
#800;f_14;10;2;Apis_mellifera;ch3;theft
#801;f_15;8,5;4;Apis_mellifera;ch3;theft
#802;f_16;8,6;3;Apis_mellifera;ch3;theft
#563;f_17;9,5;5;Apis_mellifera;ch4;theft
#830;f_18;11;5;Apis_mellifera;ch4;theft
#831;f_19;10;3;Apis_mellifera;ch4;theft
#832;f_20;12;5;Apis_mellifera;ch4;theft
#863;f_21;4;1;Apis_mellifera;ch6;theft
#864;f_22;5;1;Apis_mellifera;ch6;theft
#865;f_23;10;1;Apis_mellifera;ch6;theft
#866;f_24;6;1;Apis_mellifera;ch6;theft
#128;f_25;3,5;5;Apis_mellifera;ch7;theft
#521;f_26;4;1;Apis_mellifera;ch7;theft
#522;f_27;8,3;2;Apis_mellifera;ch7;theft
#523;f_28;6;1;Apis_mellifera;ch7;theft
#179;f_1;1286;5;Augochlora_sp.05;ch16;ant_buzz
#182;f_2;1115,5;3;Augochlora_sp.05;ch16;ant_buzz
#183;f_3;1268,4;1;Augochlora_sp.05;ch16;ant_buzz
#188;f_4;1300,1;5;Augochlora_sp.05;ch16;ant_buzz
#189;f_5;1304,5;1;Augochlora_sp.05;ch16;ant_buzz
#204;f_6;1213,5;5;Augochlora_sp.05;ch16;ant_buzz
#205;f_7;1222,4;2;Augochlora_sp.05;ch16;ant_buzz
#206;f_8;1003,5;1;Augochlora_sp.05;ch16;ant_buzz
#207;f_9;1456,5;1;Augochlora_sp.05;ch16;ant_buzz
#208;f_10;1280,3;1;Augochlora_sp.05;ch16;ant_buzz
#209;f_11;1115;1;Augochlora_sp.05;ch16;ant_buzz
#210;f_12;1000,9;1;Augochlora_sp.05;ch16;ant_buzz
#369;f_13;911;1;Augochlora_sp.05;ch2;ant_buzz
#379;f_14;985,5;1;Augochlora_sp.05;ch2;ant_buzz
#785;f_15;1000,1;1;Augochlora_sp.05;ch2;ant_buzz
#232;f_16;2306,5;62;Augochlora_sp.05;ch3;ant_buzz
#268;f_17;2331;27;Augochlora_sp.05;ch3;ant_buzz
#803;f_18;2405,6;50;Augochlora_sp.05;ch3;ant_buzz
#804;f_19;2125,5;40;Augochlora_sp.05;ch3;ant_buzz
#805;f_20;2341;45;Augochlora_sp.05;ch3;ant_buzz
#806;f_21;2499;33;Augochlora_sp.05;ch3;ant_buzz
#644;f_1;1461,2;17;Augochloropsis_sp.49;ch10;ant_buzz
#645;f_2;1445,3;15;Augochloropsis_sp.49;ch10;ant_buzz
#646;f_3;1490;14;Augochloropsis_sp.49;ch10;ant_buzz
#654;f_4;1055,8;7;Augochloropsis_sp.49;ch12;ant_buzz
#656;f_5;1003;6;Augochloropsis_sp.49;ch12;ant_buzz
#657;f_6;1112,3;5;Augochloropsis_sp.49;ch12;ant_buzz
#658;f_7;1000,3;4;Augochloropsis_sp.49;ch12;ant_buzz
#663;f_8;1089,4;1;Augochloropsis_sp.49;ch12;ant_buzz
#691;f_9;5812,7;25;Augochloropsis_sp.49;ch14;ant_buzz
#692;f_10;5800;29;Augochloropsis_sp.49;ch14;ant_buzz
#693;f_11;5912,5;28;Augochloropsis_sp.49;ch14;ant_buzz
#694;f_12;5451;30;Augochloropsis_sp.49;ch14;ant_buzz
#184;f_13;5124,1;5;Augochloropsis_sp.49;ch16;ant_buzz
#185;f_14;5005,4;28;Augochloropsis_sp.49;ch16;ant_buzz
#186;f_15;5010;15;Augochloropsis_sp.49;ch16;ant_buzz
#187;f_16;5234,4;16;Augochloropsis_sp.49;ch16;ant_buzz
#215;f_17;5111,5;26;Augochloropsis_sp.49;ch16;ant_buzz
#216;f_18;5236;4;Augochloropsis_sp.49;ch16;ant_buzz
#217;f_19;5312,5;12;Augochloropsis_sp.49;ch16;ant_buzz
#218;f_20;5321;34;Augochloropsis_sp.49;ch16;ant_buzz
#219;f_21;5000,5;1;Augochloropsis_sp.49;ch16;ant_buzz
#365;f_22;4188,4;4;Augochloropsis_sp.49;ch2;ant_buzz
#366;f_23;4005;14;Augochloropsis_sp.49;ch2;ant_buzz
#367;f_24;3998,6;9;Augochloropsis_sp.49;ch2;ant_buzz
#368;f_25;4015,5;8;Augochloropsis_sp.49;ch2;ant_buzz
#546;f_26;1725,2;33;Augochloropsis_sp.49;ch4;ant_buzz
#547;f_27;17003;37;Augochloropsis_sp.49;ch4;ant_buzz
#548;f_28;1731,5;39;Augochloropsis_sp.49;ch4;ant_buzz
#23;f_29;2544,4;21;Augochloropsis_sp.49;ch6;ant_buzz
#25;f_30;2351,6;14;Augochloropsis_sp.49;ch6;ant_buzz
#26;f_31;2499;15;Augochloropsis_sp.49;ch6;ant_buzz
#112;f_32;2500,5;14;Augochloropsis_sp.49;ch6;ant_buzz
#113;f_33;2399,6;8;Augochloropsis_sp.49;ch6;ant_buzz
#114;f_34;2600,1;9;Augochloropsis_sp.49;ch6;ant_buzz
#115;f_35;2541;9;Augochloropsis_sp.49;ch6;ant_buzz
#116;f_36;2355;11;Augochloropsis_sp.49;ch6;ant_buzz
#117;f_37;2293,2;7;Augochloropsis_sp.49;ch6;ant_buzz
#118;f_38;2621,3;87;Augochloropsis_sp.49;ch6;ant_buzz
#119;f_39;2705;28;Augochloropsis_sp.49;ch6;ant_buzz
#432;f_1;4502,1;16;Augochloropsis_sp.50;ch14;ant_buzz
#433;f_2;4351,3;84;Augochloropsis_sp.50;ch14;ant_buzz
#434;f_3;4126;13;Augochloropsis_sp.50;ch14;ant_buzz
#435;f_4;4599,5;14;Augochloropsis_sp.50;ch14;ant_buzz
#436;f_5;4503,6;62;Augochloropsis_sp.50;ch14;ant_buzz
#437;f_6;4126,3;49;Augochloropsis_sp.50;ch14;ant_buzz
#445;f_7;4589;5;Augochloropsis_sp.50;ch14;ant_buzz
#446;f_8;4500,5;6;Augochloropsis_sp.50;ch14;ant_buzz
#447;f_9;4504,3;7;Augochloropsis_sp.50;ch14;ant_buzz
#448;f_10;4601,5;12;Augochloropsis_sp.50;ch14;ant_buzz
#449;f_11;4525;56;Augochloropsis_sp.50;ch14;ant_buzz
#450;f_12;4169,5;7;Augochloropsis_sp.50;ch14;ant_buzz
#451;f_13;4763,3;31;Augochloropsis_sp.50;ch14;ant_buzz
#452;f_14;4158;13;Augochloropsis_sp.50;ch14;ant_buzz
#453;f_15;4597,5;60;Augochloropsis_sp.50;ch14;ant_buzz
#454;f_16;4625,5;46;Augochloropsis_sp.50;ch14;ant_buzz
#455;f_17;4500;18;Augochloropsis_sp.50;ch14;ant_buzz
#456;f_18;4449,4;72;Augochloropsis_sp.50;ch14;ant_buzz
#214;f_19;3950;1;Augochloropsis_sp.50;ch16;ant_buzz
#239;f_20;3900;2;Augochloropsis_sp.50;ch16;ant_buzz
#240;f_21;3455,5;1;Augochloropsis_sp.50;ch16;ant_buzz
#241;f_22;3841,3;14;Augochloropsis_sp.50;ch16;ant_buzz
#242;f_23;3521;2;Augochloropsis_sp.50;ch16;ant_buzz
#243;f_24;3268,5;1;Augochloropsis_sp.50;ch16;ant_buzz
#244;f_25;3988,3;8;Augochloropsis_sp.50;ch16;ant_buzz
#245;f_26;3987;3;Augochloropsis_sp.50;ch16;ant_buzz
#753;f_27;2008,2;9;Augochloropsis_sp.50;ch18;ant_buzz
#754;f_28;2010,5;6;Augochloropsis_sp.50;ch18;ant_buzz
#755;f_29;2109,5;10;Augochloropsis_sp.50;ch18;ant_buzz
#756;f_30;2053;9;Augochloropsis_sp.50;ch18;ant_buzz
#370;f_31;2849,6;3;Augochloropsis_sp.50;ch2;ant_buzz
#371;f_32;2402,3;4;Augochloropsis_sp.50;ch2;ant_buzz
#372;f_33;2116;10;Augochloropsis_sp.50;ch2;ant_buzz
#373;f_34;2247,7;9;Augochloropsis_sp.50;ch2;ant_buzz
#381;f_35;2905,3;5;Augochloropsis_sp.50;ch2;ant_buzz
#382;f_36;2812;4;Augochloropsis_sp.50;ch2;ant_buzz
#383;f_37;2765,6;17;Augochloropsis_sp.50;ch2;ant_buzz
#384;f_38;2912;18;Augochloropsis_sp.50;ch2;ant_buzz
#385;f_39;2855,7;2;Augochloropsis_sp.50;ch2;ant_buzz
#386;f_40;2900;7;Augochloropsis_sp.50;ch2;ant_buzz
#387;f_41;2674,3;2;Augochloropsis_sp.50;ch2;ant_buzz
#388;f_42;2952,5;3;Augochloropsis_sp.50;ch2;ant_buzz
#202;f_43;7074,4;10;Augochloropsis_sp.50;ch3;ant_buzz
#807;f_44;7125;11;Augochloropsis_sp.50;ch3;ant_buzz
#808;f_45;7215,5;13;Augochloropsis_sp.50;ch3;ant_buzz
#809;f_46;7103;9;Augochloropsis_sp.50;ch3;ant_buzz
#810;f_47;7010,6;8;Augochloropsis_sp.50;ch3;ant_buzz
#549;f_48;1535,2;49;Augochloropsis_sp.50;ch4;ant_buzz
#833;f_49;1505;41;Augochloropsis_sp.50;ch4;ant_buzz
#834;f_50;1549,5;47;Augochloropsis_sp.50;ch4;ant_buzz
#835;f_51;1531;49;Augochloropsis_sp.50;ch4;ant_buzz
#867;f_52;2655,7;15;Augochloropsis_sp.50;ch6;ant_buzz
#868;f_53;2600;11;Augochloropsis_sp.50;ch6;ant_buzz
#532;f_54;1240,7;19;Augochloropsis_sp.50;ch7;ant_buzz
#533;f_55;1159,5;14;Augochloropsis_sp.50;ch7;ant_buzz
#540;f_56;1263;19;Augochloropsis_sp.50;ch7;ant_buzz
#541;f_57;1250,9;14;Augochloropsis_sp.50;ch7;ant_buzz
#542;f_58;1271;15;Augochloropsis_sp.50;ch7;ant_buzz
#543;f_59;1199;23;Augochloropsis_sp.50;ch7;ant_buzz
#544;f_60;1201,5;24;Augochloropsis_sp.50;ch7;ant_buzz
#545;f_61;1271,6;20;Augochloropsis_sp.50;ch7;ant_buzz
#180;f_1;2285;3;Augochloropsis_sp.51;ch16;ant_buzz
#181;f_2;2315,5;4;Augochloropsis_sp.51;ch16;ant_buzz
#247;f_3;2199,3;7;Augochloropsis_sp.51;ch16;ant_buzz
#248;f_4;2122,4;15;Augochloropsis_sp.51;ch16;ant_buzz
#249;f_5;2305,4;6;Augochloropsis_sp.51;ch16;ant_buzz
#250;f_6;2245;19;Augochloropsis_sp.51;ch16;ant_buzz
#251;f_7;2100,9;9;Augochloropsis_sp.51;ch16;ant_buzz
#252;f_8;2215,6;5;Augochloropsis_sp.51;ch16;ant_buzz
#253;f_9;2009,6;9;Augochloropsis_sp.51;ch16;ant_buzz
#254;f_10;2119;1;Augochloropsis_sp.51;ch16;ant_buzz
#255;f_11;2257;2;Augochloropsis_sp.51;ch16;ant_buzz
#256;f_12;2300;5;Augochloropsis_sp.51;ch16;ant_buzz
#257;f_13;2199,6;6;Augochloropsis_sp.51;ch16;ant_buzz
#836;f_14;1105,1;42;Augochloropsis_sp.51;ch4;ant_buzz
#837;f_15;1129,6;39;Augochloropsis_sp.51;ch4;ant_buzz
#838;f_16;1141;41;Augochloropsis_sp.51;ch4;ant_buzz
#24;f_17;1141,7;16;Augochloropsis_sp.51;ch6;ant_buzz
#855;f_18;1209;20;Augochloropsis_sp.51;ch6;ant_buzz
#856;f_19;1156,9;13;Augochloropsis_sp.51;ch6;ant_buzz
#655;f_1;1204;12;Augochloropsis_sp.52;ch12;ant_buzz
#659;f_2;1216,1;2;Augochloropsis_sp.52;ch12;ant_buzz
#660;f_3;1201,1;1;Augochloropsis_sp.52;ch12;ant_buzz
#661;f_4;1200,9;3;Augochloropsis_sp.52;ch12;ant_buzz
#662;f_5;1298,5;5;Augochloropsis_sp.52;ch12;ant_buzz
#714;f_6;2816,1;10;Augochloropsis_sp.52;ch16;ant_buzz
#715;f_7;2905,5;15;Augochloropsis_sp.52;ch16;ant_buzz
#716;f_8;2800;10;Augochloropsis_sp.52;ch16;ant_buzz
#717;f_9;2796,5;10;Augochloropsis_sp.52;ch16;ant_buzz
#157;f_10;1465,2;1;Augochloropsis_sp.52;ch18;ant_buzz
#162;f_11;1529;1;Augochloropsis_sp.52;ch18;ant_buzz
#750;f_12;1365,5;1;Augochloropsis_sp.52;ch18;ant_buzz
#751;f_13;1321;2;Augochloropsis_sp.52;ch18;ant_buzz
#752;f_14;1499,9;1;Augochloropsis_sp.52;ch18;ant_buzz
#352;f_15;2189,8;9;Augochloropsis_sp.52;ch2;ant_buzz
#353;f_16;2111,5;9;Augochloropsis_sp.52;ch2;ant_buzz
#354;f_17;2257,3;13;Augochloropsis_sp.52;ch2;ant_buzz
#355;f_18;2115,9;10;Augochloropsis_sp.52;ch2;ant_buzz
#362;f_19;2341,3;6;Augochloropsis_sp.52;ch2;ant_buzz
#561;f_20;1125,1;29;Augochloropsis_sp.52;ch4;ant_buzz
#562;f_21;1147,3;25;Augochloropsis_sp.52;ch4;ant_buzz
#1;f_22;2274,4;15;Augochloropsis_sp.52;ch6;ant_buzz
#2;f_23;2223,6;31;Augochloropsis_sp.52;ch6;ant_buzz
#12;f_24;2394;19;Augochloropsis_sp.52;ch6;ant_buzz
#915;f_1;1350,9;1;Augochloropsis_sp.53;ch14;ant_buzz
#916;f_2;950,2;11;Augochloropsis_sp.53;ch16;ant_buzz
#869;f_3;873,9;18;Augochloropsis_sp.53;ch6;ant_buzz
#870;f_4;905;20;Augochloropsis_sp.53;ch6;ant_buzz
#871;f_5;900,6;17;Augochloropsis_sp.53;ch6;ant_buzz
#491;f_1;14760,6;9;Bombus_morio;ch10;flow_buzz
#564;f_2;15812,3;15;Bombus_morio;ch10;flow_buzz
#566;f_3;16256,9;14;Bombus_morio;ch10;flow_buzz
#568;f_4;14680,1;11;Bombus_morio;ch10;flow_buzz
#570;f_5;14789,4;10;Bombus_morio;ch10;flow_buzz
#572;f_6;13999,3;9;Bombus_morio;ch10;flow_buzz
#574;f_7;13225,5;11;Bombus_morio;ch10;flow_buzz
#576;f_8;14987,7;7;Bombus_morio;ch10;flow_buzz
#578;f_9;14764;7;Bombus_morio;ch10;flow_buzz
#580;f_10;14921,5;15;Bombus_morio;ch10;flow_buzz
#582;f_11;15945,7;9;Bombus_morio;ch10;flow_buzz
#584;f_12;13547,8;8;Bombus_morio;ch10;flow_buzz
#272;f_13;11305,1;9;Bombus_morio;ch12;flow_buzz
#273;f_14;11103,6;5;Bombus_morio;ch12;flow_buzz
#274;f_15;11587;35;Bombus_morio;ch12;flow_buzz
#295;f_16;11152,2;3;Bombus_morio;ch12;flow_buzz
#296;f_17;11478,5;12;Bombus_morio;ch12;flow_buzz
#305;f_18;11547,9;16;Bombus_morio;ch12;flow_buzz
#678;f_19;16057,1;26;Bombus_morio;ch14;flow_buzz
#679;f_20;16221,5;24;Bombus_morio;ch14;flow_buzz
#680;f_21;16198,6;25;Bombus_morio;ch14;flow_buzz
#681;f_22;16003,5;17;Bombus_morio;ch14;flow_buzz
#682;f_23;15999,6;19;Bombus_morio;ch14;flow_buzz
#683;f_24;15627;29;Bombus_morio;ch14;flow_buzz
#539;f_25;9731,2;60;Bombus_morio;ch4;flow_buzz
#839;f_26;9851,3;69;Bombus_morio;ch4;flow_buzz
#840;f_27;9775,9;55;Bombus_morio;ch4;flow_buzz
#841;f_28;9884,6;60;Bombus_morio;ch4;flow_buzz
#121;f_29;13511;62;Bombus_morio;ch7;flow_buzz
#124;f_30;13841,5;17;Bombus_morio;ch7;flow_buzz
#127;f_31;13631;25;Bombus_morio;ch7;flow_buzz
#472;f_1;11812,5;10;Bombus_pauloensis;ch10;flow_buzz
#473;f_2;12150;4;Bombus_pauloensis;ch10;flow_buzz
#474;f_3;11152,7;4;Bombus_pauloensis;ch10;flow_buzz
#475;f_4;11175;5;Bombus_pauloensis;ch10;flow_buzz
#476;f_5;9000;1;Bombus_pauloensis;ch10;flow_buzz
#485;f_6;8175;15;Bombus_pauloensis;ch10;flow_buzz
#486;f_7;6937,5;6;Bombus_pauloensis;ch10;flow_buzz
#487;f_8;8287,5;18;Bombus_pauloensis;ch10;flow_buzz
#488;f_9;12045,2;25;Bombus_pauloensis;ch10;flow_buzz
#489;f_10;11954,1;6;Bombus_pauloensis;ch10;flow_buzz
#490;f_11;11393,2;4;Bombus_pauloensis;ch10;flow_buzz
#492;f_12;11125,4;23;Bombus_pauloensis;ch10;flow_buzz
#493;f_13;12003,1;8;Bombus_pauloensis;ch10;flow_buzz
#494;f_14;11004,2;3;Bombus_pauloensis;ch10;flow_buzz
#495;f_15;12054;10;Bombus_pauloensis;ch10;flow_buzz
#496;f_16;11941,3;12;Bombus_pauloensis;ch10;flow_buzz
#497;f_17;11341,3;14;Bombus_pauloensis;ch10;flow_buzz
#498;f_18;11358,3;20;Bombus_pauloensis;ch10;flow_buzz
#499;f_19;11210,4;10;Bombus_pauloensis;ch10;flow_buzz
#500;f_20;12004,3;15;Bombus_pauloensis;ch10;flow_buzz
#501;f_21;11475,8;9;Bombus_pauloensis;ch10;flow_buzz
#502;f_22;11136,9;10;Bombus_pauloensis;ch10;flow_buzz
#508;f_23;11478,2;6;Bombus_pauloensis;ch10;flow_buzz
#509;f_24;12345,4;36;Bombus_pauloensis;ch10;flow_buzz
#510;f_25;12021,9;1;Bombus_pauloensis;ch10;flow_buzz
#511;f_26;11355;30;Bombus_pauloensis;ch10;flow_buzz
#512;f_27;10965,4;7;Bombus_pauloensis;ch10;flow_buzz
#513;f_28;12446,6;4;Bombus_pauloensis;ch10;flow_buzz
#514;f_29;12653,4;16;Bombus_pauloensis;ch10;flow_buzz
#515;f_30;11154,2;11;Bombus_pauloensis;ch10;flow_buzz
#516;f_31;11314,2;7;Bombus_pauloensis;ch10;flow_buzz
#517;f_32;11473,6;15;Bombus_pauloensis;ch10;flow_buzz
#518;f_33;12001,1;6;Bombus_pauloensis;ch10;flow_buzz
#519;f_34;12113,5;12;Bombus_pauloensis;ch10;flow_buzz
#520;f_35;11365,4;16;Bombus_pauloensis;ch10;flow_buzz
#275;f_36;10249,3;11;Bombus_pauloensis;ch12;flow_buzz
#276;f_37;10312,5;22;Bombus_pauloensis;ch12;flow_buzz
#277;f_38;10987,5;3;Bombus_pauloensis;ch12;flow_buzz
#278;f_39;10562,5;10;Bombus_pauloensis;ch12;flow_buzz
#286;f_40;10762,5;4;Bombus_pauloensis;ch12;flow_buzz
#287;f_41;10812,5;14;Bombus_pauloensis;ch12;flow_buzz
#288;f_42;10050;38;Bombus_pauloensis;ch12;flow_buzz
#297;f_43;11000,1;18;Bombus_pauloensis;ch12;flow_buzz
#302;f_44;11002,3;5;Bombus_pauloensis;ch12;flow_buzz
#303;f_45;10951;14;Bombus_pauloensis;ch12;flow_buzz
#304;f_46;10459;19;Bombus_pauloensis;ch12;flow_buzz
#306;f_47;10547,6;8;Bombus_pauloensis;ch12;flow_buzz
#307;f_48;11000,5;37;Bombus_pauloensis;ch12;flow_buzz
#308;f_49;10000,9;53;Bombus_pauloensis;ch12;flow_buzz
#309;f_50;10029,4;1;Bombus_pauloensis;ch12;flow_buzz
#310;f_51;11000,9;6;Bombus_pauloensis;ch12;flow_buzz
#311;f_52;10478;9;Bombus_pauloensis;ch12;flow_buzz
#312;f_53;10983;2;Bombus_pauloensis;ch12;flow_buzz
#313;f_54;10745;14;Bombus_pauloensis;ch12;flow_buzz
#684;f_55;15704,4;24;Bombus_pauloensis;ch14;flow_buzz
#685;f_56;15698,5;26;Bombus_pauloensis;ch14;flow_buzz
#686;f_57;15600;29;Bombus_pauloensis;ch14;flow_buzz
#687;f_58;15780,5;21;Bombus_pauloensis;ch14;flow_buzz
#688;f_59;15149;31;Bombus_pauloensis;ch14;flow_buzz
#689;f_60;15799,5;27;Bombus_pauloensis;ch14;flow_buzz
#690;f_61;15650,5;22;Bombus_pauloensis;ch14;flow_buzz
#917;f_62;9309,4;25;Bombus_pauloensis;ch16;flow_buzz
#918;f_63;9320,7;31;Bombus_pauloensis;ch16;flow_buzz
#757;f_64;12546,5;35;Bombus_pauloensis;ch18;flow_buzz
#758;f_65;12705;30;Bombus_pauloensis;ch18;flow_buzz
#759;f_66;12349,9;26;Bombus_pauloensis;ch18;flow_buzz
#760;f_67;12406;33;Bombus_pauloensis;ch18;flow_buzz
#761;f_68;12701,5;31;Bombus_pauloensis;ch18;flow_buzz
#762;f_69;12600;30;Bombus_pauloensis;ch18;flow_buzz
#795;f_70;9650,5;22;Bombus_pauloensis;ch2;flow_buzz
#796;f_71;9235,6;25;Bombus_pauloensis;ch2;flow_buzz
#797;f_72;9551,5;24;Bombus_pauloensis;ch2;flow_buzz
#798;f_73;9888,6;28;Bombus_pauloensis;ch2;flow_buzz
#228;f_74;12286;34;Bombus_pauloensis;ch3;flow_buzz
#229;f_75;12345,6;35;Bombus_pauloensis;ch3;flow_buzz
#230;f_76;12253;48;Bombus_pauloensis;ch3;flow_buzz
#811;f_77;12315,6;30;Bombus_pauloensis;ch3;flow_buzz
#812;f_78;12405;41;Bombus_pauloensis;ch3;flow_buzz
#813;f_79;12299;39;Bombus_pauloensis;ch3;flow_buzz
#842;f_80;10953,8;53;Bombus_pauloensis;ch4;flow_buzz
#843;f_81;11003;51;Bombus_pauloensis;ch4;flow_buzz
#844;f_82;10851,5;59;Bombus_pauloensis;ch4;flow_buzz
#141;f_83;10650,3;10;Bombus_pauloensis;ch6;flow_buzz
#142;f_84;10326,6;16;Bombus_pauloensis;ch6;flow_buzz
#148;f_85;10419;54;Bombus_pauloensis;ch6;flow_buzz
#149;f_86;10781,5;22;Bombus_pauloensis;ch6;flow_buzz
#150;f_87;10800;32;Bombus_pauloensis;ch6;flow_buzz
#70;f_88;11609,5;6;Bombus_pauloensis;ch7;flow_buzz
#71;f_89;11321,6;19;Bombus_pauloensis;ch7;flow_buzz
#120;f_90;11493,6;56;Bombus_pauloensis;ch7;flow_buzz
#122;f_91;11706;48;Bombus_pauloensis;ch7;flow_buzz
#123;f_92;11599;13;Bombus_pauloensis;ch7;flow_buzz
#125;f_93;11706,5;18;Bombus_pauloensis;ch7;flow_buzz
#126;f_94;11681,5;12;Bombus_pauloensis;ch7;flow_buzz
#912;f_1;477,8;1;Caenohalictus_sp.01;ch10;ant_buzz
#913;f_2;400,1;1;Caenohalictus_sp.01;ch10;ant_buzz
#914;f_3;12864,4;1;Caenohalictus_sp.01;ch14;ant_buzz
#718;f_4;892,8;5;Caenohalictus_sp.01;ch16;ant_buzz
#719;f_5;799,5;10;Caenohalictus_sp.01;ch16;ant_buzz
#720;f_6;855,6;9;Caenohalictus_sp.01;ch16;ant_buzz
#721;f_7;757,6;11;Caenohalictus_sp.01;ch16;ant_buzz
#763;f_8;797,8;4;Caenohalictus_sp.01;ch18;ant_buzz
#764;f_9;700,5;2;Caenohalictus_sp.01;ch18;ant_buzz
#765;f_10;810,6;3;Caenohalictus_sp.01;ch18;ant_buzz
#267;f_11;4762,7;47;Caenohalictus_sp.01;ch3;ant_buzz
#814;f_12;4615,3;40;Caenohalictus_sp.01;ch3;ant_buzz
#815;f_13;4666,5;46;Caenohalictus_sp.01;ch3;ant_buzz
#816;f_14;4802;50;Caenohalictus_sp.01;ch3;ant_buzz
#551;f_15;1062,6;26;Caenohalictus_sp.01;ch4;ant_buzz
#552;f_16;1101;27;Caenohalictus_sp.01;ch4;ant_buzz
#564;f_17;1051,5;29;Caenohalictus_sp.01;ch4;ant_buzz
#872;f_18;760,4;7;Caenohalictus_sp.01;ch6;ant_buzz
#877;f_19;749,5;11;Caenohalictus_sp.01;ch6;ant_buzz
#524;f_20;435,8;5;Caenohalictus_sp.01;ch7;ant_buzz
#470;f_1;6949,2;9;Centris_fuscata;ch10;ant_buzz
#471;f_2;6154,2;11;Centris_fuscata;ch10;ant_buzz
#586;f_3;6333,1;8;Centris_fuscata;ch10;ant_buzz
#588;f_4;6845,2;8;Centris_fuscata;ch10;ant_buzz
#590;f_5;6002,4;10;Centris_fuscata;ch10;ant_buzz
#817;f_6;9172,8;39;Centris_fuscata;ch3;flow_buzz
#592;f_1;4660,5;20;Centris_tarsata;ch10;ant_buzz
#594;f_2;4213,5;15;Centris_tarsata;ch10;ant_buzz
#596;f_3;4132,01;17;Centris_tarsata;ch10;ant_buzz
#598;f_4;4365,9;25;Centris_tarsata;ch10;ant_buzz
#600;f_5;4111,2;15;Centris_tarsata;ch10;ant_buzz
#282;f_6;4380,6;4;Centris_tarsata;ch12;ant_buzz
#283;f_7;4395;24;Centris_tarsata;ch12;ant_buzz
#284;f_8;4210;10;Centris_tarsata;ch12;ant_buzz
#318;f_9;4162,5;25;Centris_tarsata;ch12;ant_buzz
#319;f_10;4050;9;Centris_tarsata;ch12;ant_buzz
#320;f_11;4125;3;Centris_tarsata;ch12;ant_buzz
#322;f_12;4023,2;23;Centris_tarsata;ch12;ant_buzz
#323;f_13;4265,1;13;Centris_tarsata;ch12;ant_buzz
#324;f_14;4254;19;Centris_tarsata;ch12;ant_buzz
#326;f_15;4365;17;Centris_tarsata;ch12;ant_buzz
#327;f_16;4256,3;14;Centris_tarsata;ch12;ant_buzz
#328;f_17;4125,5;4;Centris_tarsata;ch12;ant_buzz
#329;f_18;4059,3;3;Centris_tarsata;ch12;ant_buzz
#331;f_19;4098,7;45;Centris_tarsata;ch12;ant_buzz
#332;f_20;4156,6;5;Centris_tarsata;ch12;ant_buzz
#334;f_21;4158;3;Centris_tarsata;ch12;ant_buzz
#335;f_22;4023;11;Centris_tarsata;ch12;ant_buzz
#337;f_23;4569,5;12;Centris_tarsata;ch12;ant_buzz
#338;f_24;4232,1;28;Centris_tarsata;ch12;ant_buzz
#340;f_25;4125;11;Centris_tarsata;ch12;ant_buzz
#341;f_26;4341,2;19;Centris_tarsata;ch12;ant_buzz
#342;f_27;4142,5;21;Centris_tarsata;ch12;ant_buzz
#343;f_28;4095,4;5;Centris_tarsata;ch12;ant_buzz
#344;f_29;4087,5;2;Centris_tarsata;ch12;ant_buzz
#345;f_30;4187,2;33;Centris_tarsata;ch12;ant_buzz
#348;f_31;4154,1;3;Centris_tarsata;ch12;ant_buzz
#349;f_32;4099;28;Centris_tarsata;ch12;ant_buzz
#351;f_33;4257;7;Centris_tarsata;ch12;ant_buzz
#443;f_34;10064,8;33;Centris_tarsata;ch14;ant_buzz
#444;f_35;10123,5;16;Centris_tarsata;ch14;ant_buzz
#457;f_36;10023,4;32;Centris_tarsata;ch14;ant_buzz
#458;f_37;10456,5;18;Centris_tarsata;ch14;ant_buzz
#459;f_38;10401,3;16;Centris_tarsata;ch14;ant_buzz
#460;f_39;10421;8;Centris_tarsata;ch14;ant_buzz
#461;f_40;10059;44;Centris_tarsata;ch14;ant_buzz
#462;f_41;10987,5;14;Centris_tarsata;ch14;ant_buzz
#463;f_42;10236,3;7;Centris_tarsata;ch14;ant_buzz
#464;f_43;10541,3;35;Centris_tarsata;ch14;ant_buzz
#465;f_44;10236,5;9;Centris_tarsata;ch14;ant_buzz
#466;f_45;10199;17;Centris_tarsata;ch14;ant_buzz
#467;f_46;10145,5;10;Centris_tarsata;ch14;ant_buzz
#722;f_47;5132,7;22;Centris_tarsata;ch16;ant_buzz
#723;f_48;5231,5;20;Centris_tarsata;ch16;ant_buzz
#724;f_49;5500;21;Centris_tarsata;ch16;ant_buzz
#725;f_50;5213,5;25;Centris_tarsata;ch16;ant_buzz
#726;f_51;5225;26;Centris_tarsata;ch16;ant_buzz
#727;f_52;5119,5;20;Centris_tarsata;ch16;ant_buzz
#728;f_53;5369,5;24;Centris_tarsata;ch16;ant_buzz
#919;f_54;4859,6;28;Centris_tarsata;ch18;ant_buzz
#920;f_55;5002,2;21;Centris_tarsata;ch18;ant_buzz
#374;f_56;3612,7;23;Centris_tarsata;ch2;ant_buzz
#375;f_57;3321,5;14;Centris_tarsata;ch2;ant_buzz
#786;f_58;3647;16;Centris_tarsata;ch2;ant_buzz
#787;f_59;3479,3;21;Centris_tarsata;ch2;ant_buzz
#788;f_60;3703,5;22;Centris_tarsata;ch2;ant_buzz
#818;f_61;7511,2;37;Centris_tarsata;ch3;flow_buzz
#819;f_62;7500,6;43;Centris_tarsata;ch3;flow_buzz
#929;f_63;5650,7;31;Centris_tarsata;ch4;ant_buzz
#930;f_64;5600;39;Centris_tarsata;ch4;ant_buzz
#152;f_65;2998,5;11;Centris_tarsata;ch6;ant_buzz
#857;f_66;2561,6;12;Centris_tarsata;ch6;ant_buzz
#858;f_67;2841;14;Centris_tarsata;ch6;ant_buzz
#859;f_68;2901,3;10;Centris_tarsata;ch6;ant_buzz
#860;f_69;2751,3;10;Centris_tarsata;ch6;ant_buzz
#13;f_70;4548,2;40;Centris_tarsata;ch7;ant_buzz
#14;f_71;4612,5;47;Centris_tarsata;ch7;ant_buzz
#15;f_72;4501,3;23;Centris_tarsata;ch7;ant_buzz
#16;f_73;4699;41;Centris_tarsata;ch7;ant_buzz
#19;f_74;4714,3;57;Centris_tarsata;ch7;ant_buzz
#20;f_75;4531;51;Centris_tarsata;ch7;ant_buzz
#21;f_76;4449;46;Centris_tarsata;ch7;ant_buzz
#22;f_77;4312,5;46;Centris_tarsata;ch7;ant_buzz
#31;f_78;4602,6;49;Centris_tarsata;ch7;ant_buzz
#32;f_79;4603,5;52;Centris_tarsata;ch7;ant_buzz
#33;f_80;4901;25;Centris_tarsata;ch7;ant_buzz
#34;f_81;4551,6;58;Centris_tarsata;ch7;ant_buzz
#35;f_82;4512,2;58;Centris_tarsata;ch7;ant_buzz
#36;f_83;4841,5;51;Centris_tarsata;ch7;ant_buzz
#37;f_84;4551,6;47;Centris_tarsata;ch7;ant_buzz
#38;f_85;4122;63;Centris_tarsata;ch7;ant_buzz
#39;f_86;4571,3;55;Centris_tarsata;ch7;ant_buzz
#40;f_87;4603,6;42;Centris_tarsata;ch7;ant_buzz
#41;f_88;4559;35;Centris_tarsata;ch7;ant_buzz
#42;f_89;4503;33;Centris_tarsata;ch7;ant_buzz
#43;f_90;4712;29;Centris_tarsata;ch7;ant_buzz
#44;f_91;4777,5;53;Centris_tarsata;ch7;ant_buzz
#72;f_92;4339;41;Centris_tarsata;ch7;ant_buzz
#74;f_93;4529,6;26;Centris_tarsata;ch7;ant_buzz
#79;f_94;4429,9;50;Centris_tarsata;ch7;ant_buzz
#110;f_95;4513,6;45;Centris_tarsata;ch7;ant_buzz
#111;f_96;4523,5;70;Centris_tarsata;ch7;ant_buzz
#269;f_1;6266,9;6;Centris_trigonoides;ch12;ant_buzz
#285;f_2;6600;28;Centris_trigonoides;ch12;ant_buzz
#321;f_3;6337,5;8;Centris_trigonoides;ch12;ant_buzz
#325;f_4;5475;38;Centris_trigonoides;ch12;ant_buzz
#330;f_5;7050;2;Centris_trigonoides;ch12;ant_buzz
#333;f_6;6111,5;8;Centris_trigonoides;ch12;ant_buzz
#336;f_7;5999,9;5;Centris_trigonoides;ch12;ant_buzz
#339;f_8;6203,5;9;Centris_trigonoides;ch12;ant_buzz
#346;f_9;6195,3;2;Centris_trigonoides;ch12;ant_buzz
#347;f_10;6315,5;10;Centris_trigonoides;ch12;ant_buzz
#350;f_11;6347,6;20;Centris_trigonoides;ch12;ant_buzz
#921;f_1;512,7;3;Ceratina_minima;ch18;ant_buzz
#231;f_2;3264,6;14;Ceratina_minima;ch3;ant_buzz
#233;f_3;3125;35;Ceratina_minima;ch3;ant_buzz
#261;f_4;3204,9;8;Ceratina_minima;ch3;ant_buzz
#262;f_5;3512,6;24;Ceratina_minima;ch3;ant_buzz
#263;f_6;3333,5;6;Ceratina_minima;ch3;ant_buzz
#264;f_7;3498;31;Ceratina_minima;ch3;ant_buzz
#265;f_8;3316;18;Ceratina_minima;ch3;ant_buzz
#266;f_9;3241,3;25;Ceratina_minima;ch3;ant_buzz
#820;f_1;1589,3;17;Dialictus_sp.13;ch3;ant_buzz
#821;f_2;1455,6;20;Dialictus_sp.13;ch3;ant_buzz
#822;f_3;14398,6;19;Dialictus_sp.13;ch3;ant_buzz
#873;f_4;515,3;1;Dialictus_sp.13;ch6;ant_buzz
#878;f_5;500;1;Dialictus_sp.13;ch6;ant_buzz
#438;f_1;6311,1;13;Exomalopsis_fulvofasciata;ch14;ant_buzz
#439;f_2;6305,5;27;Exomalopsis_fulvofasciata;ch14;ant_buzz
#440;f_3;6489,5;34;Exomalopsis_fulvofasciata;ch14;ant_buzz
#246;f_4;3111,8;16;Exomalopsis_fulvofasciata;ch16;ant_buzz
#710;f_5;3256,5;11;Exomalopsis_fulvofasciata;ch16;ant_buzz
#711;f_6;3009;17;Exomalopsis_fulvofasciata;ch16;ant_buzz
#712;f_7;3451,5;15;Exomalopsis_fulvofasciata;ch16;ant_buzz
#713;f_8;3159;19;Exomalopsis_fulvofasciata;ch16;ant_buzz
#376;f_9;2830,5;25;Exomalopsis_fulvofasciata;ch2;ant_buzz
#377;f_10;2801,3;9;Exomalopsis_fulvofasciata;ch2;ant_buzz
#378;f_11;2899;22;Exomalopsis_fulvofasciata;ch2;ant_buzz
#427;f_12;2905,6;21;Exomalopsis_fulvofasciata;ch2;ant_buzz
#428;f_13;2999,5;7;Exomalopsis_fulvofasciata;ch2;ant_buzz
#429;f_14;2529;8;Exomalopsis_fulvofasciata;ch2;ant_buzz
#430;f_15;2648,5;4;Exomalopsis_fulvofasciata;ch2;ant_buzz
#431;f_16;2866;13;Exomalopsis_fulvofasciata;ch2;ant_buzz
#203;f_17;5471,3;52;Exomalopsis_fulvofasciata;ch3;flow_buzz
#234;f_18;5339,6;53;Exomalopsis_fulvofasciata;ch3;flow_buzz
#538;f_19;2140,3;40;Exomalopsis_fulvofasciata;ch4;ant_buzz
#845;f_20;2251,5;45;Exomalopsis_fulvofasciata;ch4;ant_buzz
#846;f_21;2189,7;47;Exomalopsis_fulvofasciata;ch4;ant_buzz
#11;f_22;3087;19;Exomalopsis_fulvofasciata;ch6;ant_buzz
#29;f_23;2997,5;6;Exomalopsis_fulvofasciata;ch6;ant_buzz
#104;f_24;3105,8;7;Exomalopsis_fulvofasciata;ch6;ant_buzz
#695;f_1;5630,5;15;Melipona_quinquefasciata;ch14;ant_buzz
#702;f_2;5600,3;10;Melipona_quinquefasciata;ch14;ant_buzz
#703;f_3;5554,5;19;Melipona_quinquefasciata;ch14;ant_buzz
#704;f_4;5503;18;Melipona_quinquefasciata;ch14;ant_buzz
#705;f_5;5697,5;21;Melipona_quinquefasciata;ch14;ant_buzz
#729;f_6;2864,9;11;Melipona_quinquefasciata;ch16;ant_buzz
#730;f_7;2706,4;14;Melipona_quinquefasciata;ch16;ant_buzz
#731;f_8;2899,6;13;Melipona_quinquefasciata;ch16;ant_buzz
#732;f_9;2905;12;Melipona_quinquefasciata;ch16;ant_buzz
#766;f_10;3576,5;15;Melipona_quinquefasciata;ch18;ant_buzz
#767;f_11;3903;17;Melipona_quinquefasciata;ch18;ant_buzz
#768;f_12;3625,9;16;Melipona_quinquefasciata;ch18;ant_buzz
#769;f_13;3417;15;Melipona_quinquefasciata;ch18;ant_buzz
#770;f_14;3505,5;18;Melipona_quinquefasciata;ch18;ant_buzz
#356;f_15;2281,6;10;Melipona_quinquefasciata;ch2;ant_buzz
#357;f_16;2463;14;Melipona_quinquefasciata;ch2;ant_buzz
#363;f_17;2203,5;2;Melipona_quinquefasciata;ch2;ant_buzz
#364;f_18;2222,6;4;Melipona_quinquefasciata;ch2;ant_buzz
#389;f_19;2451,5;8;Melipona_quinquefasciata;ch2;ant_buzz
#390;f_20;2151,3;1;Melipona_quinquefasciata;ch2;ant_buzz
#391;f_21;2300,9;2;Melipona_quinquefasciata;ch2;ant_buzz
#392;f_22;2280;3;Melipona_quinquefasciata;ch2;ant_buzz
#393;f_23;2305,5;4;Melipona_quinquefasciata;ch2;ant_buzz
#394;f_24;2135;20;Melipona_quinquefasciata;ch2;ant_buzz
#395;f_25;2299,6;18;Melipona_quinquefasciata;ch2;ant_buzz
#396;f_26;2124,6;15;Melipona_quinquefasciata;ch2;ant_buzz
#397;f_27;2441;2;Melipona_quinquefasciata;ch2;ant_buzz
#398;f_28;2116,3;1;Melipona_quinquefasciata;ch2;ant_buzz
#235;f_29;6250,5;61;Melipona_quinquefasciata;ch3;flow_buzz
#823;f_30;6331,4;58;Melipona_quinquefasciata;ch3;flow_buzz
#824;f_31;6091,5;60;Melipona_quinquefasciata;ch3;flow_buzz
#847;f_32;3002,9;39;Melipona_quinquefasciata;ch4;ant_buzz
#848;f_33;3041,5;36;Melipona_quinquefasciata;ch4;ant_buzz
#102;f_34;2149,6;15;Melipona_quinquefasciata;ch6;ant_buzz
#103;f_35;2211,5;9;Melipona_quinquefasciata;ch6;ant_buzz
#151;f_36;2133,5;10;Melipona_quinquefasciata;ch6;ant_buzz
#169;f_37;2306;15;Melipona_quinquefasciata;ch6;ant_buzz
#170;f_38;2295,5;9;Melipona_quinquefasciata;ch6;ant_buzz
#171;f_39;2150;11;Melipona_quinquefasciata;ch6;ant_buzz
#172;f_40;2223,5;18;Melipona_quinquefasciata;ch6;ant_buzz
#173;f_41;2139,5;9;Melipona_quinquefasciata;ch6;ant_buzz
#887;f_42;2295,2;10;Melipona_quinquefasciata;ch7;ant_buzz
#888;f_43;2305,3;16;Melipona_quinquefasciata;ch7;ant_buzz
#889;f_44;2281;12;Melipona_quinquefasciata;ch7;ant_buzz
#666;f_1;55,6;1;Paratetrapedia_lineata;ch12;theft
#668;f_2;51;1;Paratetrapedia_lineata;ch12;theft
#697;f_3;526,9;2;Paratetrapedia_lineata;ch14;theft
#707;f_4;500;3;Paratetrapedia_lineata;ch14;theft
#708;f_5;598,5;3;Paratetrapedia_lineata;ch14;theft
#709;f_6;541,3;3;Paratetrapedia_lineata;ch14;theft
#211;f_7;106,2;1;Paratetrapedia_lineata;ch16;theft
#155;f_8;97,1;1;Paratetrapedia_lineata;ch18;theft
#158;f_9;90;1;Paratetrapedia_lineata;ch18;theft
#163;f_10;89,6;12;Paratetrapedia_lineata;ch18;theft
#168;f_11;91;3;Paratetrapedia_lineata;ch18;theft
#825;f_12;1801,6;9;Paratetrapedia_lineata;ch3;theft
#826;f_13;1779;7;Paratetrapedia_lineata;ch3;theft
#827;f_14;1896,5;10;Paratetrapedia_lineata;ch3;theft
#849;f_15;82,5;4;Paratetrapedia_lineata;ch4;theft
#850;f_16;80;3;Paratetrapedia_lineata;ch4;theft
#851;f_17;79,5;7;Paratetrapedia_lineata;ch4;theft
#30;f_18;71;2;Paratetrapedia_lineata;ch6;theft
#861;f_19;69;2;Paratetrapedia_lineata;ch6;theft
#862;f_20;70,4;2;Paratetrapedia_lineata;ch6;theft
#27;f_21;71,3;7;Paratetrapedia_lineata;ch7;theft
#28;f_22;70;1;Paratetrapedia_lineata;ch7;theft
#45;f_23;51;1;Paratetrapedia_lineata;ch7;theft
#46;f_24;66;3;Paratetrapedia_lineata;ch7;theft
#47;f_25;78,6;10;Paratetrapedia_lineata;ch7;theft
#48;f_26;70;6;Paratetrapedia_lineata;ch7;theft
#49;f_27;61,5;1;Paratetrapedia_lineata;ch7;theft
#50;f_28;66;12;Paratetrapedia_lineata;ch7;theft
#51;f_29;64,3;1;Paratetrapedia_lineata;ch7;theft
#52;f_30;67,5;10;Paratetrapedia_lineata;ch7;theft
#53;f_31;71,3;1;Paratetrapedia_lineata;ch7;theft
#54;f_32;59,9;13;Paratetrapedia_lineata;ch7;theft
#55;f_33;55;1;Paratetrapedia_lineata;ch7;theft
#56;f_34;50,1;1;Paratetrapedia_lineata;ch7;theft
#57;f_35;57;6;Paratetrapedia_lineata;ch7;theft
#58;f_36;54;1;Paratetrapedia_lineata;ch7;theft
#59;f_37;63;1;Paratetrapedia_lineata;ch7;theft
#60;f_38;60,3;1;Paratetrapedia_lineata;ch7;theft
#61;f_39;61,5;3;Paratetrapedia_lineata;ch7;theft
#62;f_40;66,9;8;Paratetrapedia_lineata;ch7;theft
#75;f_41;77;1;Paratetrapedia_lineata;ch7;theft
#76;f_42;70,3;1;Paratetrapedia_lineata;ch7;theft
#77;f_43;70;1;Paratetrapedia_lineata;ch7;theft
#78;f_44;71;3;Paratetrapedia_lineata;ch7;theft
#80;f_45;66;1;Paratetrapedia_lineata;ch7;theft
#100;f_46;59;2;Paratetrapedia_lineata;ch7;theft
#101;f_47;55,3;1;Paratetrapedia_lineata;ch7;theft
#105;f_48;57,1;1;Paratetrapedia_lineata;ch7;theft
#106;f_49;56,7;8;Paratetrapedia_lineata;ch7;theft
#107;f_50;63,6;1;Paratetrapedia_lineata;ch7;theft
#131;f_51;67,1;4;Paratetrapedia_lineata;ch7;theft
#132;f_52;66,5;10;Paratetrapedia_lineata;ch7;theft
#133;f_53;77,5;4;Paratetrapedia_lineata;ch7;theft
#134;f_54;70,1;8;Paratetrapedia_lineata;ch7;theft
#135;f_55;69;7;Paratetrapedia_lineata;ch7;theft
#136;f_56;74,7;1;Paratetrapedia_lineata;ch7;theft
#137;f_57;77;2;Paratetrapedia_lineata;ch7;theft
#138;f_58;70;7;Paratetrapedia_lineata;ch7;theft
#139;f_59;70,1;1;Paratetrapedia_lineata;ch7;theft
#140;f_60;66;2;Paratetrapedia_lineata;ch7;theft
#525;f_61;66;1;Paratetrapedia_lineata;ch7;theft
#526;f_62;65,2;1;Paratetrapedia_lineata;ch7;theft
#527;f_63;62,3;1;Paratetrapedia_lineata;ch7;theft
#528;f_64;60,5;1;Paratetrapedia_lineata;ch7;theft
#529;f_65;60,4;1;Paratetrapedia_lineata;ch7;theft
#614;f_1;86,6;1;Paratrigona_subnuda;ch10;theft
#616;f_2;80;4;Paratrigona_subnuda;ch10;theft
#618;f_3;79,3;3;Paratrigona_subnuda;ch10;theft
#667;f_4;86,4;1;Paratrigona_subnuda;ch12;theft
#669;f_5;80,1;1;Paratrigona_subnuda;ch12;theft
#670;f_6;79,3;1;Paratrigona_subnuda;ch12;theft
#212;f_7;77,5;1;Paratrigona_subnuda;ch16;theft
#213;f_8;73;1;Paratrigona_subnuda;ch16;theft
#159;f_9;33,3;1;Paratrigona_subnuda;ch18;theft
#160;f_10;35;1;Paratrigona_subnuda;ch18;theft
#161;f_11;41;1;Paratrigona_subnuda;ch18;theft
#164;f_12;29;10;Paratrigona_subnuda;ch18;theft
#165;f_13;30;1;Paratrigona_subnuda;ch18;theft
#166;f_14;40;14;Paratrigona_subnuda;ch18;theft
#167;f_15;39;2;Paratrigona_subnuda;ch18;theft
#259;f_16;1153,2;15;Paratrigona_subnuda;ch3;theft
#260;f_17;1205,6;19;Paratrigona_subnuda;ch3;theft
#828;f_18;1115;14;Paratrigona_subnuda;ch3;theft
#829;f_19;1391,5;16;Paratrigona_subnuda;ch3;theft
#852;f_20;67,5;2;Paratrigona_subnuda;ch4;theft
#853;f_21;60;1;Paratrigona_subnuda;ch4;theft
#874;f_22;38,6;1;Paratrigona_subnuda;ch6;theft
#875;f_23;40;2;Paratrigona_subnuda;ch6;theft
#876;f_24;33;1;Paratrigona_subnuda;ch6;theft
#890;f_25;49,2;5;Paratrigona_subnuda;ch7;theft
#891;f_26;40,1;3;Paratrigona_subnuda;ch7;theft
#892;f_27;51,3;1;Paratrigona_subnuda;ch7;theft
#893;f_28;50;1;Paratrigona_subnuda;ch7;theft
#894;f_29;49,6;2;Paratrigona_subnuda;ch7;theft
#258;f_1;1217,1;13;Pseudaugochlora_flammula;ch16;ant_buzz
#733;f_2;1116,5;10;Pseudaugochlora_flammula;ch16;ant_buzz
#735;f_3;1005,5;13;Pseudaugochlora_flammula;ch16;ant_buzz
#737;f_4;1215,5;15;Pseudaugochlora_flammula;ch16;ant_buzz
#925;f_5;5010,7;17;Pseudaugochlora_flammula;ch3;ant_buzz
#671;f_1;1003,3;7;Pseudaugochlora_graminea;ch12;ant_buzz
#672;f_2;998;5;Pseudaugochlora_graminea;ch12;ant_buzz
#673;f_3;999,4;4;Pseudaugochlora_graminea;ch12;ant_buzz
#674;f_4;1010,4;6;Pseudaugochlora_graminea;ch12;ant_buzz
#675;f_5;1123;6;Pseudaugochlora_graminea;ch12;ant_buzz
#676;f_6;1012,5;7;Pseudaugochlora_graminea;ch12;ant_buzz
#441;f_7;4172;5;Pseudaugochlora_graminea;ch14;ant_buzz
#442;f_8;4003,5;1;Pseudaugochlora_graminea;ch14;ant_buzz
#676;f_9;3999,4;4;Pseudaugochlora_graminea;ch14;ant_buzz
#677;f_10;4051,5;2;Pseudaugochlora_graminea;ch14;ant_buzz
#734;f_11;3014,2;5;Pseudaugochlora_graminea;ch16;ant_buzz
#736;f_12;3111,5;3;Pseudaugochlora_graminea;ch16;ant_buzz
#738;f_13;3209;5;Pseudaugochlora_graminea;ch16;ant_buzz
#739;f_14;3005,5;6;Pseudaugochlora_graminea;ch16;ant_buzz
#771;f_15;1122,4;6;Pseudaugochlora_graminea;ch18;ant_buzz
#772;f_16;1023,5;6;Pseudaugochlora_graminea;ch18;ant_buzz
#773;f_17;1259;8;Pseudaugochlora_graminea;ch18;ant_buzz
#421;f_18;2321,8;14;Pseudaugochlora_graminea;ch2;ant_buzz
#789;f_19;2402;11;Pseudaugochlora_graminea;ch2;ant_buzz
#790;f_20;2300,5;17;Pseudaugochlora_graminea;ch2;ant_buzz
#791;f_21;2229,5;15;Pseudaugochlora_graminea;ch2;ant_buzz
#792;f_22;2335,5;11;Pseudaugochlora_graminea;ch2;ant_buzz
#9;f_23;1138,8;2;Pseudaugochlora_graminea;ch7;ant_buzz
#17;f_24;1145,6;5;Pseudaugochlora_graminea;ch7;ant_buzz
#18;f_25;1181,5;1;Pseudaugochlora_graminea;ch7;ant_buzz
#620;f_1;41,55;3;Tetragonisca_angustula;ch10;theft
#622;f_2;39,95;2;Tetragonisca_angustula;ch10;theft
#298;f_3;41,23;6;Tetragonisca_angustula;ch12;theft
#299;f_4;39;4;Tetragonisca_angustula;ch12;theft
#650;f_5;35,55;3;Tetragonisca_angustula;ch12;theft
#651;f_6;44,56;6;Tetragonisca_angustula;ch12;theft
#652;f_7;49;5;Tetragonisca_angustula;ch12;theft
#653;f_8;30,87;5;Tetragonisca_angustula;ch12;theft
#698;f_1;1001,7;6;Thectochlora_alaris;ch14;ant_buzz
#699;f_2;1059,5;4;Thectochlora_alaris;ch14;ant_buzz
#700;f_3;1100,6;4;Thectochlora_alaris;ch14;ant_buzz
#701;f_4;1223,5;2;Thectochlora_alaris;ch14;ant_buzz
#740;f_5;789,4;5;Thectochlora_alaris;ch16;ant_buzz
#741;f_6;790;7;Thectochlora_alaris;ch16;ant_buzz
#425;f_7;787,9;2;Thectochlora_alaris;ch2;ant_buzz
#793;f_8;802,3;1;Thectochlora_alaris;ch2;ant_buzz
#794;f_9;888;2;Thectochlora_alaris;ch2;ant_buzz
#926;f_10;2394,5;12;Thectochlora_alaris;ch3;ant_buzz
#885;f_11;851,2;12;Thectochlora_alaris;ch6;ant_buzz
#886;f_12;834,9;10;Thectochlora_alaris;ch6;ant_buzz
#909;f_1;24895,4;1;Trigona_braueri;ch10;robber
#910;f_2;25001,4;1;Trigona_braueri;ch10;robber
#911;f_3;24103,7;1;Trigona_braueri;ch10;robber
#300;f_4;21603,8;1;Trigona_braueri;ch12;robber
#301;f_5;21951,3;1;Trigona_braueri;ch12;robber
#647;f_6;21056;1;Trigona_braueri;ch12;robber
#648;f_7;21587,5;1;Trigona_braueri;ch12;robber
#649;f_8;21000,5;1;Trigona_braueri;ch12;robber
#774;f_1;26330,8;2;Trigona_spinipes;ch18;robber
#775;f_2;27009;3;Trigona_spinipes;ch18;robber
#776;f_3;27051,5;2;Trigona_spinipes;ch18;robber
#777;f_4;26712,7;3;Trigona_spinipes;ch18;robber
#778;f_5;26355;3;Trigona_spinipes;ch18;robber
#779;f_6;26513;2;Trigona_spinipes;ch18;robber
#780;f_7;27095,5;3;Trigona_spinipes;ch18;robber
#895;f_8;27862,1;1;Trigona_spinipes;ch7;robber
#896;f_9;26996,2;2;Trigona_spinipes;ch7;robber
#897;f_10;27123;2;Trigona_spinipes;ch7;robber
#898;f_11;27905,6;1;Trigona_spinipes;ch7;robber
#899;f_12;27253,5;5;Trigona_spinipes;ch7;robber
#900;f_13;27803,6;1;Trigona_spinipes;ch7;robber
#901;f_14;27921;1;Trigona_spinipes;ch7;robber
#902;f_15;27355,5;2;Trigona_spinipes;ch7;robber
#903;f_16;27621,3;2;Trigona_spinipes;ch7;robber
#879;f_1;10545,9;15;Xylocopa_fortuita;ch6;flow_buzz
#904;f_2;12368,7;18;Xylocopa_fortuita;ch7;flow_buzz
#905;f_3;12402,5;45;Xylocopa_fortuita;ch7;flow_buzz
#906;f_4;12421;20;Xylocopa_fortuita;ch7;flow_buzz
#624;f_1;15851,3;36;Xylocopa_hirsutissima;ch10;flow_buzz
#628;f_2;16001;18;Xylocopa_hirsutissima;ch10;flow_buzz
#630;f_3;15945,3;38;Xylocopa_hirsutissima;ch10;flow_buzz
#639;f_4;15875,2;23;Xylocopa_hirsutissima;ch10;flow_buzz
#640;f_5;15999,14;19;Xylocopa_hirsutissima;ch10;flow_buzz
#641;f_6;16014;19;Xylocopa_hirsutissima;ch10;flow_buzz
#270;f_7;10950,1;25;Xylocopa_hirsutissima;ch12;flow_buzz
#271;f_8;11005,3;19;Xylocopa_hirsutissima;ch12;flow_buzz
#279;f_9;10901,5;24;Xylocopa_hirsutissima;ch12;flow_buzz
#280;f_10;10899,3;16;Xylocopa_hirsutissima;ch12;flow_buzz
#281;f_11;10805,3;18;Xylocopa_hirsutissima;ch12;flow_buzz
#781;f_12;9992,3;30;Xylocopa_hirsutissima;ch18;flow_buzz
#782;f_13;9923,5;26;Xylocopa_hirsutissima;ch18;flow_buzz
#783;f_14;9899;31;Xylocopa_hirsutissima;ch18;flow_buzz
#784;f_15;9751,5;27;Xylocopa_hirsutissima;ch18;flow_buzz
#418;f_16;10987,3;26;Xylocopa_hirsutissima;ch2;flow_buzz
#419;f_17;10521;34;Xylocopa_hirsutissima;ch2;flow_buzz
#420;f_18;10145,6;21;Xylocopa_hirsutissima;ch2;flow_buzz
#422;f_19;10821,5;11;Xylocopa_hirsutissima;ch2;flow_buzz
#423;f_20;10645;7;Xylocopa_hirsutissima;ch2;flow_buzz
#424;f_21;10813,5;3;Xylocopa_hirsutissima;ch2;flow_buzz
#880;f_22;12470,7;22;Xylocopa_hirsutissima;ch6;flow_buzz
#882;f_23;12336;25;Xylocopa_hirsutissima;ch6;flow_buzz
#883;f_24;12504,5;20;Xylocopa_hirsutissima;ch6;flow_buzz
#530;f_25;11992,6;30;Xylocopa_hirsutissima;ch7;flow_buzz
#531;f_26;11512,5;33;Xylocopa_hirsutissima;ch7;flow_buzz
#550;f_27;11851;29;Xylocopa_hirsutissima;ch7;flow_buzz
#555;f_28;11835,6;37;Xylocopa_hirsutissima;ch7;flow_buzz
#556;f_29;11905;26;Xylocopa_hirsutissima;ch7;flow_buzz
#557;f_30;11634,1;41;Xylocopa_hirsutissima;ch7;flow_buzz
#558;f_31;11515,5;30;Xylocopa_hirsutissima;ch7;flow_buzz
#559;f_32;11796,3;22;Xylocopa_hirsutissima;ch7;flow_buzz
#560;f_33;11854;33;Xylocopa_hirsutissima;ch7;flow_buzz
#626;f_1;14598,2;25;Xylocopa_subcyanea;ch10;flow_buzz
#632;f_2;14987,1;27;Xylocopa_subcyanea;ch10;flow_buzz
#634;f_3;14321;26;Xylocopa_subcyanea;ch10;flow_buzz
#636;f_4;15003,1;27;Xylocopa_subcyanea;ch10;flow_buzz
#638;f_5;15001,8;41;Xylocopa_subcyanea;ch10;flow_buzz
#642;f_6;14459,3;35;Xylocopa_subcyanea;ch10;flow_buzz
#643;f_7;14234,3;47;Xylocopa_subcyanea;ch10;flow_buzz
#742;f_8;13566,6;30;Xylocopa_subcyanea;ch16;flow_buzz
#743;f_9;13112,5;29;Xylocopa_subcyanea;ch16;flow_buzz
#744;f_10;13647,3;35;Xylocopa_subcyanea;ch16;flow_buzz
#745;f_11;13600;33;Xylocopa_subcyanea;ch16;flow_buzz
#746;f_12;13250,5;36;Xylocopa_subcyanea;ch16;flow_buzz
#747;f_13;13495;28;Xylocopa_subcyanea;ch16;flow_buzz
#748;f_14;13469,5;36;Xylocopa_subcyanea;ch16;flow_buzz
#749;f_15;13599;25;Xylocopa_subcyanea;ch16;flow_buzz
#922;f_16;13951,3;35;Xylocopa_subcyanea;ch18;flow_buzz
#923;f_17;14020,8;29;Xylocopa_subcyanea;ch18;flow_buzz
#358;f_18;10285,4;10;Xylocopa_subcyanea;ch2;flow_buzz
#359;f_19;10145;9;Xylocopa_subcyanea;ch2;flow_buzz
#360;f_20;10356,3;19;Xylocopa_subcyanea;ch2;flow_buzz
#361;f_21;10141;14;Xylocopa_subcyanea;ch2;flow_buzz
#413;f_22;10325;18;Xylocopa_subcyanea;ch2;flow_buzz
#414;f_23;10451,5;34;Xylocopa_subcyanea;ch2;flow_buzz
#415;f_24;10613;26;Xylocopa_subcyanea;ch2;flow_buzz
#416;f_25;10270,6;5;Xylocopa_subcyanea;ch2;flow_buzz
#417;f_26;10341;33;Xylocopa_subcyanea;ch2;flow_buzz
#927;f_27;12838,6;38;Xylocopa_subcyanea;ch3;flow_buzz
#928;f_28;12905,5;41;Xylocopa_subcyanea;ch3;flow_buzz
#554;f_29;13939,2;33;Xylocopa_subcyanea;ch4;flow_buzz
#854;f_30;13655,9;40;Xylocopa_subcyanea;ch4;flow_buzz
#881;f_31;12512,6;25;Xylocopa_subcyanea;ch6;flow_buzz
#534;f_32;12924,1;37;Xylocopa_subcyanea;ch7;flow_buzz
#535;f_33;12905,5;39;Xylocopa_subcyanea;ch7;flow_buzz
#536;f_34;12999;43;Xylocopa_subcyanea;ch7;flow_buzz
#537;f_35;12354;30;Xylocopa_subcyanea;ch7;flow_buzz
#924;f_1;12165,5;33;Xylocopa_truxali;ch18;flow_buzz
#925;f_2;12070,3;31;Xylocopa_truxali;ch18;flow_buzz
#884;f_3;13560,3;19;Xylocopa_truxali;ch6;flow_buzz
#907;f_4;11254,5;44;Xylocopa_truxali;ch7;flow_buzz
#908;f_5;11305,5;38;Xylocopa_truxali;ch7;flow_buzz
